CREATE DATABASE  IF NOT EXISTS `proj11` /*!40100 DEFAULT CHARACTER SET latin1 */;
USE `proj11`;
-- MySQL dump 10.13  Distrib 5.6.13, for Win32 (x86)
--
-- Host: localhost    Database: proj11
-- ------------------------------------------------------
-- Server version	5.0.17-nt

/*!40101 SET @OLD_CHARACTER_SET_CLIENT=@@CHARACTER_SET_CLIENT */;
/*!40101 SET @OLD_CHARACTER_SET_RESULTS=@@CHARACTER_SET_RESULTS */;
/*!40101 SET @OLD_COLLATION_CONNECTION=@@COLLATION_CONNECTION */;
/*!40101 SET NAMES utf8 */;
/*!40103 SET @OLD_TIME_ZONE=@@TIME_ZONE */;
/*!40103 SET TIME_ZONE='+00:00' */;
/*!40014 SET @OLD_UNIQUE_CHECKS=@@UNIQUE_CHECKS, UNIQUE_CHECKS=0 */;
/*!40014 SET @OLD_FOREIGN_KEY_CHECKS=@@FOREIGN_KEY_CHECKS, FOREIGN_KEY_CHECKS=0 */;
/*!40101 SET @OLD_SQL_MODE=@@SQL_MODE, SQL_MODE='NO_AUTO_VALUE_ON_ZERO' */;
/*!40111 SET @OLD_SQL_NOTES=@@SQL_NOTES, SQL_NOTES=0 */;

--
-- Not dumping tablespaces as no INFORMATION_SCHEMA.FILES table on this server
--

--
-- Table structure for table `attacker`
--

DROP TABLE IF EXISTS `attacker`;
/*!40101 SET @saved_cs_client     = @@character_set_client */;
/*!40101 SET character_set_client = utf8 */;
CREATE TABLE `attacker` (
  `ip` text,
  `node` text,
  `energy` text,
  `count` text,
  `dt` text
) ENGINE=InnoDB DEFAULT CHARSET=latin1;
/*!40101 SET character_set_client = @saved_cs_client */;

--
-- Dumping data for table `attacker`
--

LOCK TABLES `attacker` WRITE;
/*!40000 ALTER TABLE `attacker` DISABLE KEYS */;
INSERT INTO `attacker` VALUES ('192.168.0.144','Node8','0','2','8/17/15 12:44 PM'),('192.168.0.144','Node12','asfasdfdasfadsf','1','8/17/15 12:44 PM');
/*!40000 ALTER TABLE `attacker` ENABLE KEYS */;
UNLOCK TABLES;

--
-- Table structure for table `auditor`
--

DROP TABLE IF EXISTS `auditor`;
/*!40101 SET @saved_cs_client     = @@character_set_client */;
/*!40101 SET character_set_client = utf8 */;
CREATE TABLE `auditor` (
  `node` text,
  `energy` text,
  `dt` text
) ENGINE=InnoDB DEFAULT CHARSET=latin1;
/*!40101 SET character_set_client = @saved_cs_client */;

--
-- Dumping data for table `auditor`
--

LOCK TABLES `auditor` WRITE;
/*!40000 ALTER TABLE `auditor` DISABLE KEYS */;
INSERT INTO `auditor` VALUES ('Node8','100','8/3/15 6:00 PM'),('Node8','100','8/4/15 11:02 AM'),('Node11','10000','8/4/15 12:29 PM'),('Node11','540','8/4/15 12:49 PM'),('Node11','540','8/4/15 4:00 PM'),('Node12','0','8/4/15 4:21 PM'),('Node11','2932','8/6/15 12:39 PM'),('Node12','540','8/6/15 12:40 PM'),('Node11','540','8/6/15 12:49 PM'),('Node12','540','8/6/15 12:49 PM'),('Node8','10000','8/6/15 12:59 PM'),('Node12','540','8/6/15 12:59 PM'),('Node14','10000','8/7/15 1:11 PM'),('Node8','10000','8/7/15 1:15 PM'),('Node12','10000','8/7/15 1:15 PM'),('Node8','10','8/7/15 4:29 PM'),('Node12','10','8/7/15 4:30 PM'),('Node8','2736ff949cd48c4648691f3600c0623d39d448d8','8/7/15 5:17 PM'),('Node12','10000','8/7/15 5:17 PM'),('Node8','10','8/7/15 5:36 PM'),('Node12','10','8/7/15 5:36 PM'),('Node8','10','8/7/15 5:39 PM'),('Node12','10','8/7/15 5:40 PM'),('Node8','10','8/7/15 5:42 PM'),('Node12','10','8/7/15 5:43 PM'),('Node8','10','8/7/15 5:45 PM'),('Node12','10','8/7/15 5:46 PM'),('Node8','10','8/7/15 5:47 PM'),('Node12','10','8/7/15 5:47 PM'),('Node8','10','8/7/15 5:54 PM'),('Node12','10','8/7/15 5:54 PM'),('Node8','10','8/7/15 5:58 PM'),('Node12','10','8/7/15 5:59 PM'),('Node8','10','8/11/15 3:28 PM'),('Node12','10','8/11/15 3:28 PM'),('Node8','0','8/17/15 12:04 PM'),('Node12','20000','8/17/15 12:04 PM'),('Node8','-3cde105822c254ab8cb52a039527c7c29d67c47b','8/17/15 12:20 PM'),('Node12','0','8/17/15 12:20 PM'),('Node8','0','8/17/15 12:45 PM'),('Node12','10000','8/17/15 12:45 PM');
/*!40000 ALTER TABLE `auditor` ENABLE KEYS */;
UNLOCK TABLES;

--
-- Table structure for table `dropped`
--

DROP TABLE IF EXISTS `dropped`;
/*!40101 SET @saved_cs_client     = @@character_set_client */;
/*!40101 SET character_set_client = utf8 */;
CREATE TABLE `dropped` (
  `node` text,
  `fname` text,
  `dt` text
) ENGINE=InnoDB DEFAULT CHARSET=latin1;
/*!40101 SET character_set_client = @saved_cs_client */;

--
-- Dumping data for table `dropped`
--

LOCK TABLES `dropped` WRITE;
/*!40000 ALTER TABLE `dropped` DISABLE KEYS */;
/*!40000 ALTER TABLE `dropped` ENABLE KEYS */;
UNLOCK TABLES;

--
-- Table structure for table `nodesinfo`
--

DROP TABLE IF EXISTS `nodesinfo`;
/*!40101 SET @saved_cs_client     = @@character_set_client */;
/*!40101 SET character_set_client = utf8 */;
CREATE TABLE `nodesinfo` (
  `node` text,
  `fname` text,
  `bw` text,
  `mac` text,
  `attack1` text,
  `attack2` text
) ENGINE=InnoDB DEFAULT CHARSET=latin1;
/*!40101 SET character_set_client = @saved_cs_client */;

--
-- Dumping data for table `nodesinfo`
--

LOCK TABLES `nodesinfo` WRITE;
/*!40000 ALTER TABLE `nodesinfo` DISABLE KEYS */;
INSERT INTO `nodesinfo` VALUES ('Node1','Dbcon.java','123456','10ab573f05a22cc36e3e4ce09699f801d347220a','No','No'),('Node2','Dbcon.java','10000','10ab573f05a22cc36e3e4ce09699f801d347220a','No','No'),('Node3','Dbcon.java','10000','10ab573f05a22cc36e3e4ce09699f801d347220a','No','No'),('Node4','Dbcon.java','10000','10ab573f05a22cc36e3e4ce09699f801d347220a','No','No'),('Node5','Dbcon.java','10000','10ab573f05a22cc36e3e4ce09699f801d347220a','No','No'),('Node6','Dbcon.java','10000','10ab573f05a22cc36e3e4ce09699f801d347220a','No','No'),('Node7','Dbcon.java','10000','10ab573f05a22cc36e3e4ce09699f801d347220a','No','No'),('Node8','Dbcon.java','540','10ab573f05a22cc36e3e4ce09699f801d347220a','No','Yes'),('Node9','Dbcon.java','10000','10ab573f05a22cc36e3e4ce09699f801d347220a','No','No'),('Node10','Dbcon.java','10000','10ab573f05a22cc36e3e4ce09699f801d347220a','No','No'),('Node11','Dbcon.java','10000','10ab573f05a22cc36e3e4ce09699f801d347220a','No','No'),('Node12','Dbcon.java','540','5ad25aa262c0b0fa2ada067fb3b9e9a0f1fe5c8e','Yes','No'),('Node13','Dbcon.java','10000','10ab573f05a22cc36e3e4ce09699f801d347220a','No','No'),('Node14','Dbcon.java','10000','10ab573f05a22cc36e3e4ce09699f801d347220a','No','No'),('Node15','Dbcon.java','10000','10ab573f05a22cc36e3e4ce09699f801d347220a','No','No'),('Node16','Dbcon.java','10000','10ab573f05a22cc36e3e4ce09699f801d347220a','No','No'),('Node17','Dbcon.java','10000','10ab573f05a22cc36e3e4ce09699f801d347220a','No','No'),('Node18','Dbcon.java','10000','10ab573f05a22cc36e3e4ce09699f801d347220a','No','No'),('Node19','Dbcon.java','10000','10ab573f05a22cc36e3e4ce09699f801d347220a','No','No'),('Node20','Dbcon.java','10000','10ab573f05a22cc36e3e4ce09699f801d347220a','No','No'),('Node21','Dbcon.java','10000','10ab573f05a22cc36e3e4ce09699f801d347220a','No','No'),('Node22','Dbcon.java','10000','10ab573f05a22cc36e3e4ce09699f801d347220a','No','No'),('Node23','Dbcon.java','10000','10ab573f05a22cc36e3e4ce09699f801d347220a','No','No');
/*!40000 ALTER TABLE `nodesinfo` ENABLE KEYS */;
UNLOCK TABLES;

--
-- Table structure for table `router`
--

DROP TABLE IF EXISTS `router`;
/*!40101 SET @saved_cs_client     = @@character_set_client */;
/*!40101 SET character_set_client = utf8 */;
CREATE TABLE `router` (
  `fname` text,
  `mac` text,
  `dest` text,
  `dt` text
) ENGINE=InnoDB DEFAULT CHARSET=latin1;
/*!40101 SET character_set_client = @saved_cs_client */;

--
-- Dumping data for table `router`
--

LOCK TABLES `router` WRITE;
/*!40000 ALTER TABLE `router` DISABLE KEYS */;
INSERT INTO `router` VALUES ('Dbcon.java','10ab573f05a22cc36e3e4ce09699f801d347220a','A','7/30/15 4:04 PM'),('Dbcon.java','10ab573f05a22cc36e3e4ce09699f801d347220a','A','7/30/15 4:07 PM'),('Dbcon.java','10ab573f05a22cc36e3e4ce09699f801d347220a','A','7/30/15 4:09 PM'),('Dbcon.java','10ab573f05a22cc36e3e4ce09699f801d347220a','A','7/30/15 4:10 PM'),('NodeA.java','-20f8138c077690f67c9f7be44231cf275f0ea3ac','A','7/30/15 4:27 PM'),('Dbcon.java','10ab573f05a22cc36e3e4ce09699f801d347220a','A','7/30/15 4:31 PM'),('NodeA.java','-20f8138c077690f67c9f7be44231cf275f0ea3ac','A','7/31/15 12:31 PM'),('Dbcon.java','10ab573f05a22cc36e3e4ce09699f801d347220a','A','7/31/15 1:02 PM'),('Dbcon.java','10ab573f05a22cc36e3e4ce09699f801d347220a','A','7/31/15 1:03 PM'),('Dbcon.java','10ab573f05a22cc36e3e4ce09699f801d347220a','A','7/31/15 1:03 PM'),('R.java','-7700c2173c516d1791599d3c7119a3d3784b5d8f','A','7/31/15 1:07 PM'),('R.java','-7700c2173c516d1791599d3c7119a3d3784b5d8f','A','7/31/15 1:07 PM'),('Dbcon.java','10ab573f05a22cc36e3e4ce09699f801d347220a','A','7/31/15 1:45 PM'),('Dbcon.java','10ab573f05a22cc36e3e4ce09699f801d347220a','A','7/31/15 1:45 PM'),('Dbcon.java','10ab573f05a22cc36e3e4ce09699f801d347220a','A','7/31/15 3:00 PM'),('ServiceProvider.java','5bdba324481ab2041a82a0c4adc9774f8d70921b','A','8/3/15 11:22 AM'),('Dbcon.java','10ab573f05a22cc36e3e4ce09699f801d347220a','A','8/3/15 11:42 AM'),('Dbcon.java','10ab573f05a22cc36e3e4ce09699f801d347220a','A','8/3/15 11:42 AM'),('Dbcon.java','10ab573f05a22cc36e3e4ce09699f801d347220a','A','8/3/15 11:42 AM'),('Dbcon.java','10ab573f05a22cc36e3e4ce09699f801d347220a','A','8/3/15 3:44 PM'),('Dbcon.java','10ab573f05a22cc36e3e4ce09699f801d347220a','A','8/3/15 3:44 PM'),('Dbcon.java','10ab573f05a22cc36e3e4ce09699f801d347220a','A','8/3/15 3:44 PM'),('R.java','-7700c2173c516d1791599d3c7119a3d3784b5d8f','A','8/3/15 3:50 PM'),('R.java','-7700c2173c516d1791599d3c7119a3d3784b5d8f','A','8/3/15 3:50 PM'),('Dbcon.java','10ab573f05a22cc36e3e4ce09699f801d347220a','A','8/3/15 3:58 PM'),('Dbcon.java','10ab573f05a22cc36e3e4ce09699f801d347220a','A','8/3/15 4:20 PM'),('Dbcon.java','10ab573f05a22cc36e3e4ce09699f801d347220a','A','8/3/15 4:20 PM'),('Dbcon.java','10ab573f05a22cc36e3e4ce09699f801d347220a','A','8/3/15 4:21 PM'),('AttackerEnergy.java','54f728312add589aef293bbeb8f2d2abaac237f5','A','8/3/15 4:22 PM'),('AttackerEnergy.java','54f728312add589aef293bbeb8f2d2abaac237f5','A','8/3/15 4:22 PM'),('AES.java','19fd4ed52b281464d9f18fede70fae009a7d9e3b','A','8/3/15 4:30 PM'),('AES.java','19fd4ed52b281464d9f18fede70fae009a7d9e3b','A','8/3/15 4:30 PM'),('AES.java','19fd4ed52b281464d9f18fede70fae009a7d9e3b','A','8/3/15 4:30 PM'),('AES.java','19fd4ed52b281464d9f18fede70fae009a7d9e3b','A','8/3/15 4:30 PM'),('Dbcon.java','10ab573f05a22cc36e3e4ce09699f801d347220a','A','8/3/15 4:33 PM'),('Auditor.java','-13251a1e73bb9e8182eaed24ef5b06712060d710','A','8/3/15 5:57 PM'),('Dbcon.java','10ab573f05a22cc36e3e4ce09699f801d347220a','A','8/3/15 5:59 PM'),('Dbcon.java','10ab573f05a22cc36e3e4ce09699f801d347220a','A','8/3/15 6:00 PM'),('NodeC.java','-3f033865f2cab7a66f65eee1cf4a52a47653d9ab','A','8/3/15 6:27 PM'),('NodeC.java','-3f033865f2cab7a66f65eee1cf4a52a47653d9ab','A','8/3/15 6:28 PM'),('NodeC.java','-3f033865f2cab7a66f65eee1cf4a52a47653d9ab','A','8/3/15 6:28 PM'),('NodeC.java','-3f033865f2cab7a66f65eee1cf4a52a47653d9ab','A','8/3/15 6:29 PM'),('NodeC.java','-3f033865f2cab7a66f65eee1cf4a52a47653d9ab','A','8/3/15 6:29 PM'),('NodeC.java','-3f033865f2cab7a66f65eee1cf4a52a47653d9ab','A','8/3/15 6:29 PM'),('R.java','-7700c2173c516d1791599d3c7119a3d3784b5d8f','A','8/4/15 10:00 AM'),('NodeC.java','-3f033865f2cab7a66f65eee1cf4a52a47653d9ab','A','8/4/15 10:23 AM'),('NodeC.java','-3f033865f2cab7a66f65eee1cf4a52a47653d9ab','A','8/4/15 10:25 AM'),('NodeC.java','-3f033865f2cab7a66f65eee1cf4a52a47653d9ab','A','8/4/15 10:25 AM'),('NodeC.java','-3f033865f2cab7a66f65eee1cf4a52a47653d9ab','A','8/4/15 11:02 AM'),('Dbcon.java','10ab573f05a22cc36e3e4ce09699f801d347220a','A','8/4/15 12:27 PM'),('Dbcon.java','10ab573f05a22cc36e3e4ce09699f801d347220a','A','8/4/15 12:28 PM'),('Dbcon.java','10ab573f05a22cc36e3e4ce09699f801d347220a','A','8/4/15 12:29 PM'),('Auditor.java','-13251a1e73bb9e8182eaed24ef5b06712060d710','A','8/4/15 12:45 PM'),('Dbcon.java','10ab573f05a22cc36e3e4ce09699f801d347220a','A','8/4/15 12:49 PM'),('ViewRouter.java','fb089f400bc7e6129e63df46d4e15088b71b9b8','A','8/4/15 3:59 PM'),('AttackerMAC.java','44bc46493488544804055562e0fa2ca9206964e1','A','8/4/15 4:04 PM'),('Dbcon.java','10ab573f05a22cc36e3e4ce09699f801d347220a','A','8/4/15 4:21 PM'),('Dbcon.java','10ab573f05a22cc36e3e4ce09699f801d347220a','A','8/4/15 4:52 PM'),('Dbcon.java','10ab573f05a22cc36e3e4ce09699f801d347220a','A','8/4/15 5:17 PM'),('ViewRouter.java','fb089f400bc7e6129e63df46d4e15088b71b9b8','A','8/4/15 5:22 PM'),('ViewRouter.java','fb089f400bc7e6129e63df46d4e15088b71b9b8','A','8/4/15 5:24 PM'),('ViewRouter.java','fb089f400bc7e6129e63df46d4e15088b71b9b8','A','8/4/15 5:27 PM'),('Dbcon.java','10ab573f05a22cc36e3e4ce09699f801d347220a','A','8/6/15 10:52 AM'),('AES.java','19fd4ed52b281464d9f18fede70fae009a7d9e3b','A','8/6/15 12:34 PM'),('AES.java','19fd4ed52b281464d9f18fede70fae009a7d9e3b','A','8/6/15 12:35 PM'),('AES.java','19fd4ed52b281464d9f18fede70fae009a7d9e3b','A','8/6/15 12:36 PM'),('Dbcon.java','10ab573f05a22cc36e3e4ce09699f801d347220a','A','8/6/15 12:39 PM'),('Dbcon.java','10ab573f05a22cc36e3e4ce09699f801d347220a','A','8/6/15 12:45 PM'),('Dbcon.java','10ab573f05a22cc36e3e4ce09699f801d347220a','A','8/6/15 12:46 PM'),('Dbcon.java','10ab573f05a22cc36e3e4ce09699f801d347220a','A','8/6/15 12:46 PM'),('Dbcon.java','10ab573f05a22cc36e3e4ce09699f801d347220a','A','8/6/15 12:47 PM'),('Dbcon.java','10ab573f05a22cc36e3e4ce09699f801d347220a','A','8/6/15 12:47 PM'),('Dbcon.java','10ab573f05a22cc36e3e4ce09699f801d347220a','A','8/6/15 12:48 PM'),('Dbcon.java','10ab573f05a22cc36e3e4ce09699f801d347220a','A','8/6/15 12:59 PM'),('Auditor.java','-13251a1e73bb9e8182eaed24ef5b06712060d710','A','8/7/15 1:06 PM'),('Dbcon.java','10ab573f05a22cc36e3e4ce09699f801d347220a','A','8/7/15 1:11 PM'),('ServiceProvider.java','-4ff524385f5678b27e3f0650ed84b31329874e12','A','8/7/15 1:14 PM'),('Dbcon.java','10ab573f05a22cc36e3e4ce09699f801d347220a','A','8/7/15 4:28 PM'),('Dbcon.java','10ab573f05a22cc36e3e4ce09699f801d347220a','A','8/7/15 4:29 PM'),('AES.java','19fd4ed52b281464d9f18fede70fae009a7d9e3b','A','8/7/15 4:47 PM'),('Dbcon.java','10ab573f05a22cc36e3e4ce09699f801d347220a','A','8/7/15 5:17 PM'),('Auditor.java','-13251a1e73bb9e8182eaed24ef5b06712060d710','A','8/7/15 5:34 PM'),('Auditor.java','-13251a1e73bb9e8182eaed24ef5b06712060d710','A','8/7/15 5:36 PM'),('Dbcon.java','10ab573f05a22cc36e3e4ce09699f801d347220a','A','8/7/15 5:39 PM'),('Dbcon.java','10ab573f05a22cc36e3e4ce09699f801d347220a','A','8/7/15 5:42 PM'),('Dbcon.java','10ab573f05a22cc36e3e4ce09699f801d347220a','A','8/7/15 5:45 PM'),('Dbcon.java','10ab573f05a22cc36e3e4ce09699f801d347220a','A','8/7/15 5:46 PM'),('Dbcon.java','10ab573f05a22cc36e3e4ce09699f801d347220a','A','8/7/15 5:53 PM'),('Dbcon.java','10ab573f05a22cc36e3e4ce09699f801d347220a','A','8/7/15 5:58 PM'),('Dbcon.java','10ab573f05a22cc36e3e4ce09699f801d347220a','A','8/11/15 3:28 PM'),('NodeE.java','1f608afcccaca2a1d632211aa21058a2dc8460b4','A','8/13/15 6:08 PM'),('NodeA.java','51730b24862cddf95efb49de5bf853fd83eefc6f','A','8/13/15 6:19 PM'),('Dbcon.java','10ab573f05a22cc36e3e4ce09699f801d347220a','A','8/17/15 12:01 PM'),('Dbcon.java','10ab573f05a22cc36e3e4ce09699f801d347220a','A','8/17/15 12:04 PM'),('Dbcon.java','10ab573f05a22cc36e3e4ce09699f801d347220a','A','8/17/15 12:20 PM'),('Dbcon.java','10ab573f05a22cc36e3e4ce09699f801d347220a','A','8/17/15 12:43 PM'),('Dbcon.java','10ab573f05a22cc36e3e4ce09699f801d347220a','B','8/17/15 12:45 PM');
/*!40000 ALTER TABLE `router` ENABLE KEYS */;
UNLOCK TABLES;

--
-- Table structure for table `timedelay`
--

DROP TABLE IF EXISTS `timedelay`;
/*!40101 SET @saved_cs_client     = @@character_set_client */;
/*!40101 SET character_set_client = utf8 */;
CREATE TABLE `timedelay` (
  `fname` text,
  `dest` text,
  `dt` text,
  `delay` text,
  `path` text
) ENGINE=InnoDB DEFAULT CHARSET=latin1;
/*!40101 SET character_set_client = @saved_cs_client */;

--
-- Dumping data for table `timedelay`
--

LOCK TABLES `timedelay` WRITE;
/*!40000 ALTER TABLE `timedelay` DISABLE KEYS */;
INSERT INTO `timedelay` VALUES ('Dbcon.java','A','8/17/15 12:01 PM','18114540','Node1->Node2->Node5->Node8->Node11->Node14->Node17->Node20->Node23->'),('Dbcon.java','A','8/17/15 12:43 PM','18111540','Node1->Node2->Node5->Node8->Node11->Node14->Node17->Node20->Node23->');
/*!40000 ALTER TABLE `timedelay` ENABLE KEYS */;
UNLOCK TABLES;
/*!40103 SET TIME_ZONE=@OLD_TIME_ZONE */;

/*!40101 SET SQL_MODE=@OLD_SQL_MODE */;
/*!40014 SET FOREIGN_KEY_CHECKS=@OLD_FOREIGN_KEY_CHECKS */;
/*!40014 SET UNIQUE_CHECKS=@OLD_UNIQUE_CHECKS */;
/*!40101 SET CHARACTER_SET_CLIENT=@OLD_CHARACTER_SET_CLIENT */;
/*!40101 SET CHARACTER_SET_RESULTS=@OLD_CHARACTER_SET_RESULTS */;
/*!40101 SET COLLATION_CONNECTION=@OLD_COLLATION_CONNECTION */;
/*!40111 SET SQL_NOTES=@OLD_SQL_NOTES */;

-- Dump completed on 2015-08-17 12:55:50
